insert into cliente (nome, data_de_nascimento) values ('johne', '2020-02-20');
insert into identificacao (cpf, identidade, id_cliente) values ('9999999999', 'AG-FFFGR559943',1);
insert into endereco (rua, numero, bairro, cidade, cep, pais, id_cliente) values ('Trovador', 15, 'Cascata', 'Vila Velha', '25950000', 'BR', 1);
insert into contato (id_cliente) values (1);
insert into rede_social (url, id_contato) values ('http://linkedin.com/contato/', 1);
insert into email (endereco, id_contato) values ('johne@gmail.com', 1);
insert into telefone (numero, id_contato) values ('999145082', 1);


insert into cliente (nome, data_de_nascimento) values ('fernanda', '2025-07-23');
insert into identificacao (cpf, identidade, id_cliente) values ('9995499972', 'AG-YYYGR559943',2);
insert into endereco (rua, numero, bairro, cidade, cep, pais, id_cliente) values ('Sao Carlos', 15, 'Biquinha', 'Vila sao Jaoa', '25954500', 'BR', 2);
insert into contato (id_cliente) values (2);
insert into rede_social (url, id_contato) values ('http://linkedin.com/contato/', 2);
insert into email (endereco, id_contato) values ('fernanda@gmail.com', 2);
insert into telefone (numero, id_contato) values ('999167086', 2);



insert into cliente (nome, data_de_nascimento) values ('luzia', '2022-06-30');
insert into identificacao (cpf, identidade, id_cliente) values ('9995493372', 'DG-YYYGR559943',3);
insert into endereco (rua, numero, bairro, cidade, cep, pais, id_cliente) values ('Sao Carlos', 55, 'Biquinha', 'Vila sao Jaoa', '25954500', 'BR', 3);
insert into contato (id_cliente) values (3);
insert into rede_social (url, id_contato) values ('http://linkedin.com/contato/', 3);
insert into email (endereco, id_contato) values ('luzia@gmail.com', 3);
insert into telefone (numero, id_contato) values ('999165426', 3);


insert into cliente (nome, data_de_nascimento) values ('maria', '2023-03-26');
insert into identificacao (cpf, identidade, id_cliente) values ('9995453372', 'DG-YYGR5T9943',4);
insert into endereco (rua, numero, bairro, cidade, cep, pais, id_cliente) values ('Sao Carlos', 345, 'Biquinha', 'Vila sao Carlos', '25956550', 'BR', 4);
insert into contato (id_cliente) values (4);
insert into rede_social (url, id_contato) values ('http://linkedin.com/contato/', 4);
insert into email (endereco, id_contato) values ('maria@gmail.com', 4);
insert into telefone (numero, id_contato) values ('999465426', 4);


insert into cliente (nome, data_de_nascimento) values ('antonio', '2520-05-29');
insert into identificacao (cpf, identidade, id_cliente) values ('9995493272', 'DG-YYGR5T9943',5);
insert into endereco (rua, numero, bairro, cidade, cep, pais, id_cliente) values ('Sao Joao', 345, 'Biquinha', 'Vila sao Tadeu', '25976550', 'BR', 5);
insert into contato (id_cliente) values (5);
insert into rede_social (url, id_contato) values ('http://linkedin.com/contato/', 5);
insert into email (endereco, id_contato) values ('antonio@gmail.com', 5);
insert into telefone (numero, id_contato) values ('999463422', 5);